{"cameraMode":{"drawMode":0,"name":"Shaded","section":"Shading Mode"},"sceneLighting":true,"audioPlay":false,"sceneViewState":{"showFog":true,"showMaterialUpdate":false,"showSkybox":true,"showFlares":true,"showImageEffects":true,"showParticleSystems":true},"in2DMode":false,"pivot":{"x":-4.941407680511475,"y":0.4312985837459564,"z":-2.324022054672241},"rotation":{"x":-0.019444314762949945,"y":0.9468432664871216,"z":-0.058304402977228168,"w":-0.31576964259147646},"size":5.118369102478027,"orthographic":true}